"Site1","Site2","BetaNTI","RCBC","Assembly_Process.BetaNTI","Assembly_Process.RCBC","Assembly_Process","Depth (m).Site1","lowdepth.Site1","highdepth.Site1","Climate epoch.Site1","Temperature condition.Site1","Age (ky before present, i.e., before 2015 Common Era).Site1","Ice volume (ml).Site1","Cell count per ml ice.Site1","16S rRNA gene copy # per ml ice.Site1","16S rRNA gene copy # per ml ice (CopyRighter corrected).Site1","Richness (ASV level).Site1","Shannon's diversity (ASV level).Site1","Faith's PD (ASV level).Site1","Simpson's evenness  (ASV level).Site1","Dust count per ml ice (diameter >0.63 μm).Site1","δ18O (‰).Site1","δD (‰).Site1","d excess.Site1","F+ (ppb).Site1","Cl- (ppb).Site1","NO3- (ppb).Site1","SO42- (ppb).Site1","Na+ (ppb).Site1","NH4+ (ppb).Site1","K+ (ppb).Site1","Mg2+ (ppb).Site1","Ca2+ (ppb).Site1","AvgDepth.Site1","Depth (m).Site2","lowdepth.Site2","highdepth.Site2","Climate epoch.Site2","Temperature condition.Site2","Age (ky before present, i.e., before 2015 Common Era).Site2","Ice volume (ml).Site2","Cell count per ml ice.Site2","16S rRNA gene copy # per ml ice.Site2","16S rRNA gene copy # per ml ice (CopyRighter corrected).Site2","Richness (ASV level).Site2","Shannon's diversity (ASV level).Site2","Faith's PD (ASV level).Site2","Simpson's evenness  (ASV level).Site2","Dust count per ml ice (diameter >0.63 μm).Site2","δ18O (‰).Site2","δD (‰).Site2","d excess.Site2","F+ (ppb).Site2","Cl- (ppb).Site2","NO3- (ppb).Site2","SO42- (ppb).Site2","Na+ (ppb).Site2","NH4+ (ppb).Site2","K+ (ppb).Site2","Mg2+ (ppb).Site2","Ca2+ (ppb).Site2","AvgDepth.Site2","TempConditionType","EpochType","Assembly_Process_expl","AvgDepth","DepthRank","StochasticDeterministic","RCBC.nona"
"D30.8","D29.3",-0.485799006803637,0.73,NA,"Drift","Drift","30.80-30.96",30.8,30.96,"Holocene","Cold","0.16",100,262000,2100000,1115964.478,100,4.6269434414487,15.9374274159999,0.147842,6.68,-15.5818331391092,-107.672257933223,16.9824071796509,5.68111226357507,295.684652837082,75.1082037827908,151.625253203165,253.256427089676,21.1696741915792,34.7133581452087,124.623350823667,2893.01393471615,30.88,"29.31-29.46",29.31,29.46,"Holocene","Cold","0.13",90,584761.904761905,30116,13760.25717,190,3.42384398014773,30.697254729,0.021166,0.58,-20.4363756443831,-147.765873500176,15.7251316548886,0,507.910163167367,330.528843431314,737.983671265747,415.311455908818,118.541162567487,59.4171511697661,194.411664667067,4242.1439310138,29.385,"Cold-Cold","Holocene","Stochastic",29.385,1,"Stochastic",0.73
"D100.0","D30.8",-3.38686168602789,NA,"Homogenous selection",NA,"Homogenous selection","100.07-100.27",100.07,100.27,"Holocene","Warm","2.3",148,24709.7844112769,48567.5675675676,18550.14807,149,5.30159990254554,19.966979805,0.122473,0.76,-11.3847408690583,-71.6262240714437,19.4517028810226,2.31978571428579,209.31864795918,134.714158163263,256.36758163265,151.168999999997,51.700841836736,8.98736734693859,48.2154387755089,1664.38717857142,100.17,"30.80-30.96",30.8,30.96,"Holocene","Cold","0.16",100,262000,2100000,1115964.478,100,4.6269434414487,15.9374274159999,0.147842,6.68,-15.5818331391092,-107.672257933223,16.9824071796509,5.68111226357507,295.684652837082,75.1082037827908,151.625253203165,253.256427089676,21.1696741915792,34.7133581452087,124.623350823667,2893.01393471615,30.88,"Warm-Cold","Holocene","Homogenous (abiotic) selection",30.88,2,"Deterministic",0.028
"D109.2","D100.0",-3.49563287830854,NA,"Homogenous selection",NA,"Homogenous selection","109.23-109.42",109.23,109.42,"Holocene","Warm","3.9",147,32461.8736383442,154151.836734694,52149.1262,118,4.90964661280412,20.389287601,0.127146,0.79,-13.0189800634499,-84.9380311124471,19.213809395152,2.14481865284987,193.668678756502,148.666595854929,366.539849740995,148.999808290176,24.0651347150283,3.30902072538858,105.745948186542,1324.21756994834,109.325,"100.07-100.27",100.07,100.27,"Holocene","Warm","2.3",148,24709.7844112769,48567.5675675676,18550.14807,149,5.30159990254554,19.966979805,0.122473,0.76,-11.3847408690583,-71.6262240714437,19.4517028810226,2.31978571428579,209.31864795918,134.714158163263,256.36758163265,151.168999999997,51.700841836736,8.98736734693859,48.2154387755089,1664.38717857142,100.17,"Warm-Warm","Holocene","Homogenous (abiotic) selection",100.17,3,"Deterministic",-0.822
"D125.0","D109.2",-2.61533742906524,NA,"Homogenous selection",NA,"Homogenous selection","125.00-125.93",125,125.93,"Holocene","Cold","8.1-8.8",150,10800,11960,5253.149231,274,4.05099755513169,26.6320852129999,0.026394,0.87,-16.8357068212279,-116.000716634523,18.6849379352999,3.28546501614635,475.592202368128,350.512093649085,756.98270398277,424.978020452096,67.6570602798718,44.9714983853602,165.761611410117,2756.10824111945,125.465,"109.23-109.42",109.23,109.42,"Holocene","Warm","3.9",147,32461.8736383442,154151.836734694,52149.1262,118,4.90964661280412,20.389287601,0.127146,0.79,-13.0189800634499,-84.9380311124471,19.213809395152,2.14481865284987,193.668678756502,148.666595854929,366.539849740995,148.999808290176,24.0651347150283,3.30902072538858,105.745948186542,1324.21756994834,109.325,"Warm-Cold","Holocene","Homogenous (abiotic) selection",109.325,4,"Deterministic",-0.334
"D125.9","D125.0",-3.87726137292574,NA,"Homogenous selection",NA,"Homogenous selection","125.93-126.89",125.93,126.89,"Holocene","Cold","8.8-9.4",150,33185.1851851852,151969.6,57283.46595,148,4.12815589385696,23.732082048,0.06831,1.15,-17.7994922052837,-124.81990404869,17.5760335935797,4.32061554404141,510.190222797913,286.342757512941,512.110445595826,427.810216580296,55.4692051813455,46.1786321243503,142.334749222794,3029.75223626939,126.41,"125.00-125.93",125,125.93,"Holocene","Cold","8.1-8.8",150,10800,11960,5253.149231,274,4.05099755513169,26.6320852129999,0.026394,0.87,-16.8357068212279,-116.000716634523,18.6849379352999,3.28546501614635,475.592202368128,350.512093649085,756.98270398277,424.978020452096,67.6570602798718,44.9714983853602,165.761611410117,2756.10824111945,125.465,"Cold-Cold","Holocene","Homogenous (abiotic) selection",125.465,5,"Deterministic",-0.842
"D126.8","D125.9",-3.09886186803265,NA,"Homogenous selection",NA,"Homogenous selection","126.89-127.75",126.89,127.75,"Holocene","Cold","9.4-9.7",150,17301.5873015873,152800,71294.22034,168,5.37529517333676,19.640555837,0.144329,1.07,-17.3607848216731,-121.917591363965,16.9686872094194,3.22890930506471,378.995700824447,148.091374558275,336.171170789084,292.886797408669,56.9511071849194,24.842745583036,113.173844522954,2314.12140636037,127.32,"125.93-126.89",125.93,126.89,"Holocene","Cold","8.8-9.4",150,33185.1851851852,151969.6,57283.46595,148,4.12815589385696,23.732082048,0.06831,1.15,-17.7994922052837,-124.81990404869,17.5760335935797,4.32061554404141,510.190222797913,286.342757512941,512.110445595826,427.810216580296,55.4692051813455,46.1786321243503,142.334749222794,3029.75223626939,126.41,"Cold-Cold","Holocene","Homogenous (abiotic) selection",126.41,6,"Deterministic",-0.072
"D127.7","D126.8",-3.91866395430892,NA,"Homogenous selection",NA,"Homogenous selection","127.75-128.61",127.75,128.61,"Holocene","Cold","9.7-10.1",150,39042.1455938697,28240,12477.3623,155,5.46639780434039,18.748652239,0.139115,0.81,-18.4627873594079,-131.137688634392,16.5646102408711,4.53862485482018,655.667291521497,341.754886178865,718.074139372825,543.923462253203,82.3997409988393,61.9568443670163,199.097585365862,3213.57156794436,128.18,"126.89-127.75",126.89,127.75,"Holocene","Cold","9.4-9.7",150,17301.5873015873,152800,71294.22034,168,5.37529517333676,19.640555837,0.144329,1.07,-17.3607848216731,-121.917591363965,16.9686872094194,3.22890930506471,378.995700824447,148.091374558275,336.171170789084,292.886797408669,56.9511071849194,24.842745583036,113.173844522954,2314.12140636037,127.32,"Cold-Cold","Holocene","Homogenous (abiotic) selection",127.32,7,"Deterministic",-0.63
"D128.6","D127.7",-4.27329050146786,NA,"Homogenous selection",NA,"Homogenous selection","128.61-129.38",128.61,129.38,"Holocene","Cold","10.1-10.6",150,35935.1580319322,69600,29607.53224,199,5.76112231451962,23.4695926689999,0.106827,1.14,-18.345785486393,-128.85047099167,17.9158128994736,4.96927843137231,593.776662745078,320.59596732025,676.188267973831,507.188792156844,45.926784313725,56.9154235294114,189.479950326795,3386.31194640517,128.995,"127.75-128.61",127.75,128.61,"Holocene","Cold","9.7-10.1",150,39042.1455938697,28240,12477.3623,155,5.46639780434039,18.748652239,0.139115,0.81,-18.4627873594079,-131.137688634392,16.5646102408711,4.53862485482018,655.667291521497,341.754886178865,718.074139372825,543.923462253203,82.3997409988393,61.9568443670163,199.097585365862,3213.57156794436,128.18,"Cold-Cold","Holocene","Homogenous (abiotic) selection",128.18,8,"Deterministic",-0.816
"D131.5","D128.6",-5.13737787260143,NA,"Homogenous selection",NA,"Homogenous selection","131.57-131.77",131.57,131.77,"Holocene","Warm","11.5-11.7",100,99869.2810457516,261600,121909.2602,154,4.87247819875427,26.226828018,0.121964,2.89,-12.5887865298036,-83.5351629467422,17.1751292916869,5.31127891504606,299.437259979529,153.668498464688,439.730789150461,262.440801432958,39.2525946775844,32.4485317297851,293.26125383828,1937.74839048106,131.67,"128.61-129.38",128.61,129.38,"Holocene","Cold","10.1-10.6",150,35935.1580319322,69600,29607.53224,199,5.76112231451962,23.4695926689999,0.106827,1.14,-18.345785486393,-128.85047099167,17.9158128994736,4.96927843137231,593.776662745078,320.59596732025,676.188267973831,507.188792156844,45.926784313725,56.9154235294114,189.479950326795,3386.31194640517,128.995,"Warm-Cold","Holocene","Homogenous (abiotic) selection",128.995,9,"Deterministic",0.312
"D134.2","D131.5",-3.13548756827037,NA,"Homogenous selection",NA,"Homogenous selection","134.26-134.42",134.26,134.42,"LGS","Warm","12.2",90,14695.3405017921,9569.33333333333,3947.168503,81,4.57990561684534,13.2026591289999,0.146811,0.84,-11.2417028128357,-70.3226139045505,19.6110085981352,0.228,126.555753341434,145.910534629405,142.296193195626,110.953278250304,76.8193815309842,9.3619744835966,48.6968031591738,754.396642770353,134.34,"131.57-131.77",131.57,131.77,"Holocene","Warm","11.5-11.7",100,99869.2810457516,261600,121909.2602,154,4.87247819875427,26.226828018,0.121964,2.89,-12.5887865298036,-83.5351629467422,17.1751292916869,5.31127891504606,299.437259979529,153.668498464688,439.730789150461,262.440801432958,39.2525946775844,32.4485317297851,293.26125383828,1937.74839048106,131.67,"Warm-Warm","LGS:Holocene","Homogenous (abiotic) selection",131.67,10,"Deterministic",-0.352
"D173.7","D134.2",-3.25409375927993,NA,"Homogenous selection",NA,"Homogenous selection","173.78-173.94",173.78,173.94,"LGS","Cold","29.5",50,69615.3846153846,12427.2,4910.909981,191,4.4894578070494,27.6666405989999,0.050103,0.93,-20.580003648043,-147.50658564074,17.1334435436041,0.155301707779886,228.110559772296,80.086027197976,219.26731372549,179.837374446553,29.5493149905123,16.407009487666,73.4680107526882,1724.62448829854,173.86,"134.26-134.42",134.26,134.42,"LGS","Warm","12.2",90,14695.3405017921,9569.33333333333,3947.168503,81,4.57990561684534,13.2026591289999,0.146811,0.84,-11.2417028128357,-70.3226139045505,19.6110085981352,0.228,126.555753341434,145.910534629405,142.296193195626,110.953278250304,76.8193815309842,9.3619744835966,48.6968031591738,754.396642770353,134.34,"Warm-Cold","LGS","Homogenous (abiotic) selection",134.34,11,"Deterministic",-0.904
"D173.9","D173.7",-4.31310640276872,NA,"Homogenous selection",NA,"Homogenous selection","173.94-174.13",173.94,174.13,"LGS","Cold","29.5-29.7",52,28983.451536643,30106.1538461538,12285.90341,223,4.96224657238872,26.184826569,0.047204,4.14,-18.529944929718,-130.861636386284,17.3779230514602,3.16202793885082,553.923463363205,194.538977859779,479.977300474433,424.069082762256,69.8353521349499,43.9107490774908,149.681168687401,3632.39514812862,174.035,"173.78-173.94",173.78,173.94,"LGS","Cold","29.5",50,69615.3846153846,12427.2,4910.909981,191,4.4894578070494,27.6666405989999,0.050103,0.93,-20.580003648043,-147.50658564074,17.1334435436041,0.155301707779886,228.110559772296,80.086027197976,219.26731372549,179.837374446553,29.5493149905123,16.407009487666,73.4680107526882,1724.62448829854,173.86,"Cold-Cold","LGS","Homogenous (abiotic) selection",173.86,12,"Deterministic",-0.66
"D180.9","D173.9",-1.43646924285887,-0.956,NA,"Homogenizing dispersal","Homogenizing dispersal","180.97-181.11",180.97,181.11,"LGS","Warm","35.2",57,25138.8888888889,5534.73684210526,2374.707945,77,3.58690315856955,17.963231509,0.083368,1.06,-10.678018643296,-64.3321859283751,21.0919632179929,4.26871875,1045.93265964674,384.326247961957,1764.77059986413,784.134821331522,109.893088315217,58.5238797554348,192.218057065217,3552.61718546196,181.04,"173.94-174.13",173.94,174.13,"LGS","Cold","29.5-29.7",52,28983.451536643,30106.1538461538,12285.90341,223,4.96224657238872,26.184826569,0.047204,4.14,-18.529944929718,-130.861636386284,17.3779230514602,3.16202793885082,553.923463363205,194.538977859779,479.977300474433,424.069082762256,69.8353521349499,43.9107490774908,149.681168687401,3632.39514812862,174.035,"Warm-Cold","LGS","Stochastic",174.035,13,"Stochastic",-0.956
"D187.9","D180.9",-0.791194329812856,-0.948,NA,"Drift","Drift","187.97-188.14",187.97,188.14,"LGS","Warm","38.4-38.6",51,69460.3174603175,41910.5882352941,17346.56745,140,4.24402766417126,21.626771441,0.07156,3.48,-13.91505359133,-91.4335324321719,19.8868962984677,5.5254,807.706,246.5354,12460.8694,677.6082,106.147,57.791,216.4586,3721.9338,188.055,"180.97-181.11",180.97,181.11,"LGS","Warm","35.2",57,25138.8888888889,5534.73684210526,2374.707945,77,3.58690315856955,17.963231509,0.083368,1.06,-10.678018643296,-64.3321859283751,21.0919632179929,4.26871875,1045.93265964674,384.326247961957,1764.77059986413,784.134821331522,109.893088315217,58.5238797554348,192.218057065217,3552.61718546196,181.04,"Warm-Warm","LGS","Stochastic",181.04,14,"Stochastic",-0.948
"D198.7","D187.9",-3.27274414942649,NA,"Homogenous selection",NA,"Homogenous selection","198.74-198.95",198.74,198.95,"LGS","Cold","46.1-46.2",100,70952.3809523809,79940.4,31689.31529,225,5.73200160610064,26.130820067,0.118886,1.27,-19.9591116484136,-142.961597326925,16.7112958603836,4.91636159250585,445.74632412178,184.2150529274,596.397675409836,371.178930210773,67.3935864168618,35.1751709601874,161.567973770492,3084.15017330211,198.845,"187.97-188.14",187.97,188.14,"LGS","Warm","38.4-38.6",51,69460.3174603175,41910.5882352941,17346.56745,140,4.24402766417126,21.626771441,0.07156,3.48,-13.91505359133,-91.4335324321719,19.8868962984677,5.5254,807.706,246.5354,12460.8694,677.6082,106.147,57.791,216.4586,3721.9338,188.055,"Warm-Cold","LGS","Homogenous (abiotic) selection",188.055,15,"Deterministic",0.54
"D205.3","D198.7",-1.04612734426786,0.992,NA,"Dispersal limitation and drift","Dispersal limitation and drift","205.39-205.51",205.39,205.51,"LGS","Cold","53.3-53.5",53,65302.1060275962,41135.0943396226,21383.32075,1039,6.19249495817304,61.4948720349999,0.010908,2.95,-20.4204082902295,-145.65297587456,17.7102904472755,9.471,801.4534,206.1612,590.9072,712.5002,21.0274,51.5454,194.9332,2741.654,205.45,"198.74-198.95",198.74,198.95,"LGS","Cold","46.1-46.2",100,70952.3809523809,79940.4,31689.31529,225,5.73200160610064,26.130820067,0.118886,1.27,-19.9591116484136,-142.961597326925,16.7112958603836,4.91636159250585,445.74632412178,184.2150529274,596.397675409836,371.178930210773,67.3935864168618,35.1751709601874,161.567973770492,3084.15017330211,198.845,"Cold-Cold","LGS","Stochastic",198.845,16,"Stochastic",0.992
"D207.6","D205.3",-1.9060674242964,-0.946,NA,"Drift","Drift","207.66-207.95",207.66,207.95,"LGS","Warm","56.1-56.4",100,18128.6549707602,19480.8,7252.900819,58,2.85329006024106,12.84500724,0.061593,0.6,-11.9036054494918,-71.9686096371623,23.2602339587723,3.41945355383533,824.889510907811,392.784428219564,1435.40374982407,701.717846938776,107.474570372977,64.7494123856439,187.284292751583,3197.04349542576,207.805,"205.39-205.51",205.39,205.51,"LGS","Cold","53.3-53.5",53,65302.1060275962,41135.0943396226,21383.32075,1039,6.19249495817304,61.4948720349999,0.010908,2.95,-20.4204082902295,-145.65297587456,17.7102904472755,9.471,801.4534,206.1612,590.9072,712.5002,21.0274,51.5454,194.9332,2741.654,205.45,"Warm-Cold","LGS","Stochastic",205.45,17,"Stochastic",-0.946
"D223.1","D207.6",-3.4406752287288,NA,"Homogenous selection",NA,"Homogenous selection","223.15-223.29",223.15,223.29,"LGS","Cold","70.4-70.6",95,57017.5438596491,98254.7368421053,41989.01834,235,5.21428093321461,25.179036688,0.064679,2.09,-19.5651409800625,-137.489555794259,19.031572046241,7.37944398051496,443.447038274182,301.543844119694,622.335477383438,255.738199721642,68.323739039666,51.0017230340988,222.703858037578,2433.82365692415,223.22,"207.66-207.95",207.66,207.95,"LGS","Warm","56.1-56.4",100,18128.6549707602,19480.8,7252.900819,58,2.85329006024106,12.84500724,0.061593,0.6,-11.9036054494918,-71.9686096371623,23.2602339587723,3.41945355383533,824.889510907811,392.784428219564,1435.40374982407,701.717846938776,107.474570372977,64.7494123856439,187.284292751583,3197.04349542576,207.805,"Warm-Cold","LGS","Homogenous (abiotic) selection",207.805,18,"Deterministic",-0.834
"D224.9","D223.1",-4.15582109321446,NA,"Homogenous selection",NA,"Homogenous selection","224.93-225.10",224.93,225.1,"LGS","Cold","71.8-71.9",53,30230.607966457,37779.6226415094,13640.53407,167,4.11954825380327,23.015191651,0.05142,1.42,-19.8794999116262,-138.703581883349,20.3324174096606,2.55275265017668,637.976351001178,284.235324499411,712.314848056537,519.352193168433,68.2385777385159,46.7982385159011,162.097333922261,2357.31168374558,225.015,"223.15-223.29",223.15,223.29,"LGS","Cold","70.4-70.6",95,57017.5438596491,98254.7368421053,41989.01834,235,5.21428093321461,25.179036688,0.064679,2.09,-19.5651409800625,-137.489555794259,19.031572046241,7.37944398051496,443.447038274182,301.543844119694,622.335477383438,255.738199721642,68.323739039666,51.0017230340988,222.703858037578,2433.82365692415,223.22,"Cold-Cold","LGS","Homogenous (abiotic) selection",223.22,19,"Deterministic",-0.085
"D231.0","D224.9",-1.73231145801258,-0.796,NA,"Drift","Drift","231.08-231.25",231.08,231.25,"LGS","Warm","76.2-76.3",51,36919.1919191919,31404.7058823529,14329.16872,82,4.54602091218233,13.479561114,0.136432,0.85,-10.5784145584208,-62.9759844896423,21.6513319777241,1.59411137162954,515.735023446659,208.475396834701,546.757375146542,427.022825322391,93.4859923798359,50.3065861664713,148.298704572098,2255.64676084408,231.165,"224.93-225.10",224.93,225.1,"LGS","Cold","71.8-71.9",53,30230.607966457,37779.6226415094,13640.53407,167,4.11954825380327,23.015191651,0.05142,1.42,-19.8794999116262,-138.703581883349,20.3324174096606,2.55275265017668,637.976351001178,284.235324499411,712.314848056537,519.352193168433,68.2385777385159,46.7982385159011,162.097333922261,2357.31168374558,225.015,"Warm-Cold","LGS","Stochastic",225.015,20,"Stochastic",-0.796
"D243.9","D231.0",-0.779946417920458,-0.974,NA,"Homogenizing dispersal","Homogenizing dispersal","243.97-244.14",243.97,244.14,"LGS","Cold","85-85.2",150,16382.4289405685,22457.6,10863.45146,309,5.7905733482386,31.580156775,0.070704,0.69,-20.7937906538995,-148.227361282034,18.1229639491621,6.43300470311581,796.83580952381,326.291195767196,2443.00730922986,666.316232804233,58.1888577307466,56.6820499706055,206.137833627278,2744.59718400941,244.055,"231.08-231.25",231.08,231.25,"LGS","Warm","76.2-76.3",51,36919.1919191919,31404.7058823529,14329.16872,82,4.54602091218233,13.479561114,0.136432,0.85,-10.5784145584208,-62.9759844896423,21.6513319777241,1.59411137162954,515.735023446659,208.475396834701,546.757375146542,427.022825322391,93.4859923798359,50.3065861664713,148.298704572098,2255.64676084408,231.165,"Warm-Cold","LGS","Stochastic",231.165,21,"Stochastic",-0.974
"D245.1","D243.9",-3.73395583336647,NA,"Homogenous selection",NA,"Homogenous selection","245.15-245.35",245.15,245.35,"LGS","Cold","86.7-87",125,25148.1481481481,24365.76,9973.331981,194,5.35161464008276,22.347220394,0.088449,1.04,-17.7777739359393,-122.923922284029,19.2982692034858,4.8715,570.5705,329.076666666667,735.337,479.464666666667,106.625833333333,47.344,167.7875,2530.58866666667,245.25,"243.97-244.14",243.97,244.14,"LGS","Cold","85-85.2",150,16382.4289405685,22457.6,10863.45146,309,5.7905733482386,31.580156775,0.070704,0.69,-20.7937906538995,-148.227361282034,18.1229639491621,6.43300470311581,796.83580952381,326.291195767196,2443.00730922986,666.316232804233,58.1888577307466,56.6820499706055,206.137833627278,2744.59718400941,244.055,"Cold-Cold","LGS","Homogenous (abiotic) selection",244.055,22,"Deterministic",0.052
"D259.9","D245.1",-2.41954589382817,NA,"Homogenous selection",NA,"Homogenous selection","259.95-260.16",259.95,260.16,"LGS","Warm","98.8-98.9",127,22674.8971193416,46166.9291338583,18119.31926,124,4.04675597097624,21.245398364,0.07292,1.05,-12.0531878194728,-73.013036137395,23.4124664183871,1.73116666666667,378.421,194.329666666667,477.655333333333,292.814,87.731,27.9101666666667,125.411,2344.23616666667,260.055,"245.15-245.35",245.15,245.35,"LGS","Cold","86.7-87",125,25148.1481481481,24365.76,9973.331981,194,5.35161464008276,22.347220394,0.088449,1.04,-17.7777739359393,-122.923922284029,19.2982692034858,4.8715,570.5705,329.076666666667,735.337,479.464666666667,106.625833333333,47.344,167.7875,2530.58866666667,245.25,"Warm-Cold","LGS","Homogenous (abiotic) selection",245.25,23,"Deterministic",-0.226
"D261.2","D259.9",-1.56522210977644,-0.914,NA,"Drift","Drift","261.22-261.36",261.22,261.36,"LGS","Warm","99.8-99.9",45,33466.6666666667,81850.6666666667,30329.06657,100,3.72775613968471,16.19569805,0.080219,2.52,-13.0106660215073,-84.3043113577594,19.7810168142992,1.73330995475113,320.29939668175,214.126128205128,407.898714177979,262.422095022624,110.78158974359,43.3351334841629,243.468457767722,2769.27314479638,261.29,"259.95-260.16",259.95,260.16,"LGS","Warm","98.8-98.9",127,22674.8971193416,46166.9291338583,18119.31926,124,4.04675597097624,21.245398364,0.07292,1.05,-12.0531878194728,-73.013036137395,23.4124664183871,1.73116666666667,378.421,194.329666666667,477.655333333333,292.814,87.731,27.9101666666667,125.411,2344.23616666667,260.055,"Warm-Warm","LGS","Stochastic",260.055,24,"Stochastic",-0.914
"D271.1","D261.2",-3.04719945365402,NA,"Homogenous selection",NA,"Homogenous selection","271.19-271.34",271.19,271.34,"LGS","Cold","107.4",50,8960.57347670251,10922.4,4397.311466,156,4.96413604603128,23.310583845,0.081026,0.7,-19.0304638185848,-131.72593104616,20.517779502518,5.56477326343381,692.732846657929,312.411640891219,790.958843381389,536.144735910878,83.6219823066841,32.0209731323722,161.763380733945,2170.90611992136,271.265,"261.22-261.36",261.22,261.36,"LGS","Warm","99.8-99.9",45,33466.6666666667,81850.6666666667,30329.06657,100,3.72775613968471,16.19569805,0.080219,2.52,-13.0106660215073,-84.3043113577594,19.7810168142992,1.73330995475113,320.29939668175,214.126128205128,407.898714177979,262.422095022624,110.78158974359,43.3351334841629,243.468457767722,2769.27314479638,261.29,"Warm-Cold","LGS","Homogenous (abiotic) selection",261.29,25,"Deterministic",-0.918
"D275.0","D271.1",-1.27528521227107,-0.618,NA,"Drift","Drift","275.00-275.21",275,275.21,"LGS","Warm","112.4",95,1555.55555555556,9353.68421052631,4190.59296,67,4.49233627852473,11.985355915,0.148567,0.69,-12.4551520022597,-79.1616594728672,20.4795565452103,0.0121367781155015,666.387205818498,262.625012158055,987.109006513244,675.015858879722,135.16251150673,60.1459101172384,221.80138688667,3262.58719409466,275.105,"271.19-271.34",271.19,271.34,"LGS","Cold","107.4",50,8960.57347670251,10922.4,4397.311466,156,4.96413604603128,23.310583845,0.081026,0.7,-19.0304638185848,-131.72593104616,20.517779502518,5.56477326343381,692.732846657929,312.411640891219,790.958843381389,536.144735910878,83.6219823066841,32.0209731323722,161.763380733945,2170.90611992136,271.265,"Warm-Cold","LGS","Stochastic",271.265,26,"Stochastic",-0.618
"D276.6","D275.0",-1.79279714700265,-0.174,NA,"Drift","Drift","276.68-276.90",276.68,276.9,"Pre-LGS","Cold","~115",80,5733.33333333333,5055,2868.323247,36,2.71495043603479,10.850540504,0.072643,0.75,-16.0456051182357,-109.195808606978,19.1690323389072,15.1495532102023,761.396870712401,252.71445998241,1192.04564423923,618.070601583113,94.1650408970976,44.7884674582234,214.459654353562,2284.53988082674,276.79,"275.00-275.21",275,275.21,"LGS","Warm","112.4",95,1555.55555555556,9353.68421052631,4190.59296,67,4.49233627852473,11.985355915,0.148567,0.69,-12.4551520022597,-79.1616594728672,20.4795565452103,0.0121367781155015,666.387205818498,262.625012158055,987.109006513244,675.015858879722,135.16251150673,60.1459101172384,221.80138688667,3262.58719409466,275.105,"Warm-Cold","Pre-LGS:LGS","Stochastic",275.105,27,"Stochastic",-0.174
"D282.1","D276.6",-1.36405185265163,-0.966,NA,"Homogenizing dispersal","Homogenizing dispersal","282.10-282.36",282.1,282.36,"Pre-LGS","Warm",">150",130,3089.43089430894,4218.46153846154,2403.258247,26,1.63527100612295,10.138186451,0.066328,0.78,-11.4020948301237,-71.8834152320142,19.3333434089758,0.0338210116731494,568.34661089494,287.826661478598,986.108307392986,431.882700389105,102.234155642024,39.5848988326838,131.778521400778,1830.56270428018,282.23,"276.68-276.90",276.68,276.9,"Pre-LGS","Cold","~115",80,5733.33333333333,5055,2868.323247,36,2.71495043603479,10.850540504,0.072643,0.75,-16.0456051182357,-109.195808606978,19.1690323389072,15.1495532102023,761.396870712401,252.71445998241,1192.04564423923,618.070601583113,94.1650408970976,44.7884674582234,214.459654353562,2284.53988082674,276.79,"Warm-Cold","Pre-LGS","Stochastic",276.79,28,"Stochastic",-0.966
"D296.9","D282.1",-2.03742531894369,NA,"Homogenous selection",NA,"Homogenous selection","296.95-297.16",296.95,297.16,"Pre-LGS","Warm",">150",70,1339.03133903134,2605.71428571429,1437.935325,96,2.19050187323679,9.89254797099999,0.023081,0.4,-13.6502650975611,-90.1251464738331,19.076974306656,4.67357595526561,174.847342031687,30.2038434296365,60.224307082945,66.5791029822926,90.6073350419385,15.8629636533085,103.102267008388,1000.07887465051,297.055,"282.10-282.36",282.1,282.36,"Pre-LGS","Warm",">150",130,3089.43089430894,4218.46153846154,2403.258247,26,1.63527100612295,10.138186451,0.066328,0.78,-11.4020948301237,-71.8834152320142,19.3333434089758,0.0338210116731494,568.34661089494,287.826661478598,986.108307392986,431.882700389105,102.234155642024,39.5848988326838,131.778521400778,1830.56270428018,282.23,"Warm-Warm","Pre-LGS","Homogenous (abiotic) selection",282.23,29,"Deterministic",-0.998
"D303.5","D296.9",-1.35526281347375,-0.932,NA,"Drift","Drift","303.55-303.72",303.55,303.72,"Pre-LGS","Warm",">150",65,1101.27826941986,8935.38461538462,4938.946985,62,3.69189970188445,11.075268614,0.085217,4.06,-13.9336467798393,-92.0104802368235,19.458694001891,6.35116314553991,275.812583333333,19.4429559859155,138.416598591549,131.53447241784,105.090350938967,22.1501373239437,94.9049688967136,1747.84960269953,303.635,"296.95-297.16",296.95,297.16,"Pre-LGS","Warm",">150",70,1339.03133903134,2605.71428571429,1437.935325,96,2.19050187323679,9.89254797099999,0.023081,0.4,-13.6502650975611,-90.1251464738331,19.076974306656,4.67357595526561,174.847342031687,30.2038434296365,60.224307082945,66.5791029822926,90.6073350419385,15.8629636533085,103.102267008388,1000.07887465051,297.055,"Warm-Warm","Pre-LGS","Stochastic",297.055,30,"Stochastic",-0.932
"D307.5","D303.5",-1.33195300192711,-0.538,NA,"Drift","Drift","307.57-307.76",307.57,307.76,"Pre-LGS","Warm",">150",96,4310,9562.5,5581.219773,123,5.44860563557976,17.744368148,0.170371,0.81,-13.2041908176609,-85.6704049006095,19.9631216406777,11.1192365914787,22.4914691729323,17.0721909774436,30.64615839599,11.3286360902256,31.5543453634085,16.8885147869674,74.2553829573935,659.666328320802,307.665,"303.55-303.72",303.55,303.72,"Pre-LGS","Warm",">150",65,1101.27826941986,8935.38461538462,4938.946985,62,3.69189970188445,11.075268614,0.085217,4.06,-13.9336467798393,-92.0104802368235,19.458694001891,6.35116314553991,275.812583333333,19.4429559859155,138.416598591549,131.53447241784,105.090350938967,22.1501373239437,94.9049688967136,1747.84960269953,303.635,"Warm-Warm","Pre-LGS","Stochastic",303.635,31,"Stochastic",-0.538
"D308.7","D307.5",-3.16435823825385,NA,"Homogenous selection",NA,"Homogenous selection","308.70-308.83",308.7,308.83,"Pre-LGS","Warm",">150",69,46100,14400,7343.072609,83,4.26058831867741,15.087716982,0.10712,66.08,-14.0095267489864,-92.9288148083136,19.1473991835777,19.2857262357414,9.42561901140684,2.49464562737643,226.806707984791,24.610174904943,18.088502661597,30.2052091254753,110.908256273764,1075.61513155894,308.765,"307.57-307.76",307.57,307.76,"Pre-LGS","Warm",">150",96,4310,9562.5,5581.219773,123,5.44860563557976,17.744368148,0.170371,0.81,-13.2041908176609,-85.6704049006095,19.9631216406777,11.1192365914787,22.4914691729323,17.0721909774436,30.64615839599,11.3286360902256,31.5543453634085,16.8885147869674,74.2553829573935,659.666328320802,307.665,"Warm-Warm","Pre-LGS","Homogenous (abiotic) selection",307.665,32,"Deterministic",0.112
