,D29.3,D30.8,D100.0,D109.2,D125.0,D125.9,D126.8,D127.7,D128.6,D131.5,D134.2,D173.7,D173.9,D180.9,D187.9,D198.7,D205.3,D207.6,D223.1,D224.9,D231.0,D243.9,D245.1,D259.9,D261.2,D271.1,D275.0,D276.6,D282.1,D296.9,D303.5,D307.5,D308.7
D29.3,NA,NA,NA,NA,NA,NA,NA,NA,NA,NA,NA,NA,NA,NA,NA,NA,NA,NA,NA,NA,NA,NA,NA,NA,NA,NA,NA,NA,NA,NA,NA,NA,NA
D30.8,-0.485799006803637,NA,NA,NA,NA,NA,NA,NA,NA,NA,NA,NA,NA,NA,NA,NA,NA,NA,NA,NA,NA,NA,NA,NA,NA,NA,NA,NA,NA,NA,NA,NA,NA
D100.0,1.48075239957313,-3.38686168602789,NA,NA,NA,NA,NA,NA,NA,NA,NA,NA,NA,NA,NA,NA,NA,NA,NA,NA,NA,NA,NA,NA,NA,NA,NA,NA,NA,NA,NA,NA,NA
D109.2,0.26851749114677,-2.92253412532834,-3.49563287830854,NA,NA,NA,NA,NA,NA,NA,NA,NA,NA,NA,NA,NA,NA,NA,NA,NA,NA,NA,NA,NA,NA,NA,NA,NA,NA,NA,NA,NA,NA
D125.0,-2.77990024992886,-2.76183225905585,-2.35090562406498,-2.61533742906524,NA,NA,NA,NA,NA,NA,NA,NA,NA,NA,NA,NA,NA,NA,NA,NA,NA,NA,NA,NA,NA,NA,NA,NA,NA,NA,NA,NA,NA
D125.9,-2.41903569647345,-3.10471103746564,-2.29034078873764,-2.901219438261,-3.87726137292574,NA,NA,NA,NA,NA,NA,NA,NA,NA,NA,NA,NA,NA,NA,NA,NA,NA,NA,NA,NA,NA,NA,NA,NA,NA,NA,NA,NA
D126.8,-0.426126396461703,-2.80138457308113,-2.75031513085605,-3.92935494168318,-2.77337877957775,-3.09886186803265,NA,NA,NA,NA,NA,NA,NA,NA,NA,NA,NA,NA,NA,NA,NA,NA,NA,NA,NA,NA,NA,NA,NA,NA,NA,NA,NA
D127.7,0.382500218863988,-4.26702896811733,-4.44541311318795,-4.36898477849829,-3.45348229772929,-3.41286753457,-3.91866395430892,NA,NA,NA,NA,NA,NA,NA,NA,NA,NA,NA,NA,NA,NA,NA,NA,NA,NA,NA,NA,NA,NA,NA,NA,NA,NA
D128.6,-0.0128542093081347,-4.29807490475655,-4.03703599573531,-4.34275517213734,-3.92214592585576,-3.41383448099247,-4.96850745596857,-4.27329050146786,NA,NA,NA,NA,NA,NA,NA,NA,NA,NA,NA,NA,NA,NA,NA,NA,NA,NA,NA,NA,NA,NA,NA,NA,NA
D131.5,-0.491289058616814,-1.54236764322029,-2.97074757460063,-3.13056568643152,-1.09928040499243,-3.05208784980587,-3.70400899022759,-4.52896088318486,-5.13737787260143,NA,NA,NA,NA,NA,NA,NA,NA,NA,NA,NA,NA,NA,NA,NA,NA,NA,NA,NA,NA,NA,NA,NA,NA
D134.2,-0.964157331279899,-3.09402560506029,-2.73251226468358,-2.44737132010614,-2.57851622755587,-2.80626635689143,-2.97195677154467,-3.45362450903045,-3.22044858295161,-3.13548756827037,NA,NA,NA,NA,NA,NA,NA,NA,NA,NA,NA,NA,NA,NA,NA,NA,NA,NA,NA,NA,NA,NA,NA
D173.7,-1.24930599170013,-2.90352106000807,-2.62411241395233,-3.51658945826655,-4.35830192943775,-3.33956737758561,-3.79843436447457,-4.27220598753753,-5.09833723154259,-2.2407557648747,-3.25409375927993,NA,NA,NA,NA,NA,NA,NA,NA,NA,NA,NA,NA,NA,NA,NA,NA,NA,NA,NA,NA,NA,NA
D173.9,-1.33935340930158,-3.24989946062871,-1.71808496730212,-1.86226863392147,-3.68814818420384,-2.99246964117538,-3.52344200419388,-3.58600080351704,-4.04507180881769,-3.89173203571959,-2.39992807777413,-4.31310640276872,NA,NA,NA,NA,NA,NA,NA,NA,NA,NA,NA,NA,NA,NA,NA,NA,NA,NA,NA,NA,NA
D180.9,-2.19862775841463,-0.549785253725508,-0.744274050883477,-1.2056095604473,-2.88925323828208,-2.47533501103534,-0.36375101570446,-1.55520969868919,-1.85390548424372,-0.819735804108247,-2.40585747297222,-1.33300466934678,-1.43646924285887,NA,NA,NA,NA,NA,NA,NA,NA,NA,NA,NA,NA,NA,NA,NA,NA,NA,NA,NA,NA
D187.9,-1.01649536829973,-2.55585374284456,-3.12239483928169,-3.77888337683628,-2.88312338071018,-3.13001436718301,-2.89025680748336,-4.01349590043088,-4.20086068676617,-2.87752440965696,-3.16779308346611,-4.04437712182473,-3.84532947666458,-0.791194329812856,NA,NA,NA,NA,NA,NA,NA,NA,NA,NA,NA,NA,NA,NA,NA,NA,NA,NA,NA
D198.7,-0.139240261116939,-3.09298559806172,-4.3514578911077,-4.65914372654147,-3.197837629395,-2.88097068020912,-4.25035849573009,-4.84258853633393,-5.39291769994443,-3.66728187396503,-2.94012155778948,-4.07892923977228,-4.9901376518718,-1.62983208553026,-3.27274414942649,NA,NA,NA,NA,NA,NA,NA,NA,NA,NA,NA,NA,NA,NA,NA,NA,NA,NA
D205.3,-3.25611688972894,-0.370240791754015,3.79811467605751,1.85427352721131,-2.98597951235872,-3.46158493351357,0.460269577312225,-1.10086541372741,-0.598163537690244,0.359906168872025,-0.895506506875849,-2.00217195935951,-2.48288797721093,-1.52749485083171,-0.685243672553202,-1.04612734426786,NA,NA,NA,NA,NA,NA,NA,NA,NA,NA,NA,NA,NA,NA,NA,NA,NA
D207.6,-2.23770260528194,-2.75232651324995,-2.9225375072233,-2.98653063886801,-3.33430865751853,-3.0918146252943,-3.23433031390245,-3.58241736264515,-4.01365400704163,-2.16541508889265,-2.84988362857172,-3.01014069117425,-2.70162366485043,-2.19552838508185,-2.52370405662869,-3.24088593629199,-1.9060674242964,NA,NA,NA,NA,NA,NA,NA,NA,NA,NA,NA,NA,NA,NA,NA,NA
D223.1,-1.07381678305147,-3.01550295258846,-3.76382396244883,-3.08801895197848,-4.24826943188541,-3.9818748253722,-4.87804541259943,-3.77269638798158,-2.92720264242048,-3.46774859301004,-2.17950104805373,-4.27691926597363,-4.66931840537032,-1.6283831383299,-3.88701535654085,-4.83634827024127,-2.35606785602173,-3.4406752287288,NA,NA,NA,NA,NA,NA,NA,NA,NA,NA,NA,NA,NA,NA,NA
D224.9,-3.15768787588388,-2.70615328678519,-2.55413764588308,-2.69200714435999,-3.69425244387027,-3.8210374344855,-3.38447717329882,-3.64927917647306,-3.5895998772648,-2.33955863667428,-2.49423574539365,-3.40486284580173,-2.97558625270881,-2.18236003853998,-2.75231114749917,-2.96267188672328,-3.93257720791771,-3.35250863794845,-4.15582109321446,NA,NA,NA,NA,NA,NA,NA,NA,NA,NA,NA,NA,NA,NA
D231.0,-0.210154389033603,-2.2892871440033,-2.41655780319318,-2.53767352555113,-0.867654098463099,-2.12571199227956,-1.48626779139806,-2.64835030990648,-3.09793515874884,-0.694204807492023,-2.35282040524903,-0.928918554329633,-0.494196278504527,-2.18666412632145,-1.70240925269075,-3.45437027012229,3.1195316039716,-2.49967224479142,-2.42217904026689,-1.73231145801258,NA,NA,NA,NA,NA,NA,NA,NA,NA,NA,NA,NA,NA
D243.9,-1.74630730737276,-2.86414543433298,-0.617352199463238,-1.26742978809251,-3.5988319657708,-3.6395112176761,-2.21000185173059,-2.29392786333919,-2.30063152933464,-3.42687087045575,-1.60196595109738,-2.73902451220711,-4.17352417747498,-1.90950130617228,-3.1009432818997,-4.13570824920425,-5.057605335166,-3.27830700064566,-4.04480462186375,-3.21674157447057,-0.779946417920458,NA,NA,NA,NA,NA,NA,NA,NA,NA,NA,NA,NA
D245.1,-2.11132483488637,-3.53279965225763,-2.50613153692145,-1.99919917753569,-3.61777415672664,-3.12752639175607,-3.10691897155092,-3.05931383565848,-3.45763769577909,-3.43324794883252,-2.61309295210008,-4.28944794889702,-2.45475895098525,-3.01345965564777,-4.00832433363315,-4.50871661803763,-2.17887110990831,-3.49276988287714,-3.87021926038898,-3.10128458438688,-2.33507850357974,-3.73395583336647,NA,NA,NA,NA,NA,NA,NA,NA,NA,NA,NA
D259.9,-1.41543851479419,-1.91931546726202,-2.04815023553087,-3.2613185954632,-4.2078773615751,-1.76024888299117,-1.79909918919836,-2.27062484913886,-2.62038371002949,-1.64142346836281,-2.49101402527439,-1.48895706997387,-1.63180524032738,-1.4264905949638,-1.5060636071968,-2.77420331529562,-1.83669415250914,-3.18170819446877,-1.9902306112769,-1.62531360788322,-1.56040606803377,-2.20912186527644,-2.41954589382817,NA,NA,NA,NA,NA,NA,NA,NA,NA,NA
D261.2,-1.33547410110745,-2.79966108737035,-2.90101117855141,-3.25026465120018,-4.04306499493918,-3.01717225831936,-2.797961821987,-3.79727081558413,-4.4273862287263,-1.86533849705527,-3.23045382982177,-3.75957578711417,-3.45135875959552,-1.13103151579255,-2.2807295573742,-3.56891814917666,-1.15235471745489,-2.61380998282839,-4.3073286386568,-3.05271427535445,-2.94363454854142,-3.72396649327915,-3.77116149607452,-1.56522210977644,NA,NA,NA,NA,NA,NA,NA,NA,NA
D271.1,-2.19982253651216,-1.8978658688149,-2.20023093124418,-0.915911182661591,-3.9704910682281,-4.27478062214921,-1.82032099932001,-3.87809060166271,-3.77196611688964,-0.939629703462687,-2.4900448292505,-3.61916747128602,-2.41614425240005,0.102068874248688,-1.41339797174033,-2.4668894771592,-2.57115746619243,-2.65798505627494,-2.3784592293542,-3.07483482567651,-0.927582771118303,-3.02833731465863,-3.4375851014659,-1.49925381973314,-3.04719945365402,NA,NA,NA,NA,NA,NA,NA,NA
D275.0,-0.961676191780465,-0.640703746138411,-0.255800107434647,-0.870395511512736,-2.02325657773304,-2.90032402546865,-0.801513719899162,-1.38650046160195,-1.86329548567219,-1.09786159756173,-2.43925547162899,-1.71960075807913,-1.51881106747755,-1.86926780482358,-1.50820300035711,-1.44690571974266,-1.13338376078269,-2.92333329180482,-2.43596284235275,-1.42374856491437,-1.97842297757774,-2.66851690775516,-2.83189755080434,-1.89237765471058,-1.8299490970619,-1.27528521227107,NA,NA,NA,NA,NA,NA,NA
D276.6,-1.38583721133558,-1.67259987422215,-1.83308813281858,-1.83452106032388,-2.30435515349911,-2.09557947120545,-1.68011965433776,-1.86429660415119,-1.66021567434948,-1.74717923539278,-1.79664915323494,-1.83373487225532,-1.60237416998799,-1.81523028983313,-1.77717348111329,-1.57332385093116,-2.0034977152529,-1.85082232745296,-1.80977670829602,-1.86851346939288,-1.95195191574694,-1.82477401223841,-1.9245216409919,-1.95032342991423,-2.01640952546157,-2.1558719400245,-1.79279714700265,NA,NA,NA,NA,NA,NA
D282.1,-1.01581552255026,-1.49628967048982,-1.87061016903751,-1.82322450331502,-1.0488711952777,-1.43345153376945,-1.70027688324604,-1.77110790554784,-1.58963988572711,-1.40947354847016,-1.52637053549776,-1.35020561248807,-1.2403627890098,-1.5373457865941,-1.47222168997467,-1.3460743123833,-2.09529309155295,-1.9484111798893,-1.33157873315054,-1.20855003257565,-1.63010543838581,-1.54949590567475,-1.58616195819706,-1.87943918478702,-1.89273217030915,-1.55405926503167,-1.52489479494212,-1.36405185265163,NA,NA,NA,NA,NA
D296.9,-1.37587584958815,-1.49902394865999,-1.90550443436606,-2.05563468686978,-1.83446838584261,-1.9240909551951,-1.75679124473017,-1.88416047603802,-1.76858555234305,-1.61022220071503,-1.84274181180542,-1.7965596715857,-1.69314442598755,-1.82044854268177,-1.7354277814308,-1.773408895329,-0.633296703752524,-2.14829198190529,-1.66775580021019,-1.76746986207867,-1.96420487224164,-1.48947614025313,-1.9380429642398,-2.20539882369444,-2.10925390047394,-1.94774396456135,-1.9662716369534,-1.20560829626686,-2.03742531894369,NA,NA,NA,NA
D303.5,-2.12062556151696,-1.37812236251565,-2.15921156281396,-2.71975734867299,-2.72167079354713,-2.91847938975979,-2.18835309103584,-2.27212345765036,-2.08474938302963,-2.33005264958402,-2.64140818875981,-2.52068867422981,-2.26950250218329,-2.7693900820557,-2.6209925051601,-1.62068336154156,-1.60851362399389,-2.58067514105116,-2.45406615045646,-2.85779066749479,-2.80152670648838,-2.13698562334712,-2.50545370478363,-2.97431793151365,-2.81524590817877,-2.65949484365565,-2.6593950185058,-2.1348193777518,-3.0082424972899,-1.35526281347375,NA,NA,NA
D307.5,-1.67475017659398,1.35750503379189,0.0514284121640667,-0.381947776455044,-1.24999495997175,-2.19737389620095,0.11407865319113,-1.22559629920251,-0.730528724783059,0.29870283231987,-1.94381988470914,-1.67023977198501,-1.26277643403555,-1.85581307645854,-1.54407238706542,-0.559112534140927,1.91069001295387,-2.52479685176632,-1.09924254813693,-2.58871783292202,-1.65718804047729,-0.89135642933877,-2.23410459566049,-2.31757429359209,-2.37916538181798,-1.67591965633236,-2.03514593387611,-1.06286030573053,-3.25912503672103,-0.925096996313323,-1.33195300192711,NA,NA
D308.7,-0.824957215586921,-0.257220921811191,-0.245176298039592,-0.972005015591429,-1.31580855532789,-1.64062895271108,-0.467060443808111,-0.846775430673766,-0.629419952645723,-0.829227013217604,-1.40422847614054,-1.11061860762283,-0.992504345770484,-1.66510553579059,-1.50566453730484,-0.265380198965802,-0.395347359797563,-1.08784540142887,-1.41934455317858,-1.7836807276505,-1.42086781751361,-1.59539075158348,-1.27930421635283,-1.45856314216938,-1.5251611671527,-1.04629524320113,-1.45505793999781,-1.43403676633902,-1.74490276195455,-1.57711018131831,-1.98327705920919,-3.16435823825385,NA
